{"cameraMode":{"drawMode":0,"name":"Shaded","section":"Shading Mode"},"sceneLighting":true,"audioPlay":false,"sceneViewState":{"showFog":true,"showMaterialUpdate":false,"showSkybox":true,"showFlares":true,"showImageEffects":true,"showParticleSystems":true},"in2DMode":false,"pivot":{"x":2.7781339895227577e-7,"y":15.240280151367188,"z":64.40299987792969},"rotation":{"x":0.5315234661102295,"y":2.4712087931533235e-10,"z":1.371204816358329e-9,"w":0.8470435738563538},"size":19.307479858398439,"orthographic":false}